<?xml version="1.0" encoding="UTF-8"?>

<channel name="xfce4-power-manager" version="1.0">
  <property name="xfce4-power-manager" type="empty">
    <property name="power-button-action" type="uint" value="1"/>
    <property name="lock-screen-suspend-hibernate" type="empty"/>
    <property name="logind-handle-lid-switch" type="empty"/>
    <property name="blank-on-ac" type="int" value="0"/>
    <property name="blank-on-battery" type="int" value="60"/>
    <property name="dpms-enabled" type="empty"/>
    <property name="dpms-on-ac-sleep" type="uint" value="60"/>
    <property name="dpms-on-ac-off" type="empty"/>
    <property name="dpms-on-battery-sleep" type="uint" value="60"/>
    <property name="dpms-on-battery-off" type="uint" value="60"/>
    <property name="show-panel-label" type="empty"/>
    <property name="inactivity-sleep-mode-on-ac" type="empty"/>
    <property name="inactivity-sleep-mode-on-battery" type="empty"/>
    <property name="show-tray-icon" type="bool" value="false"/>
    <property name="brightness-switch-restore-on-exit" type="int" value="1"/>
    <property name="brightness-switch" type="int" value="0"/>
    <property name="handle-brightness-keys" type="bool" value="true"/>
    <property name="brightness-step-count" type="uint" value="50"/>
    <property name="general-notification" type="bool" value="true"/>
    <property name="inactivity-on-battery" type="uint" value="120"/>
    <property name="critical-power-level" type="uint" value="10"/>
    <property name="critical-power-action" type="uint" value="1"/>
    <property name="inactivity-on-ac" type="uint" value="14"/>
    <property name="brightness-on-battery" type="uint" value="9"/>
  </property>
</channel>
