<?xml version="1.0" encoding="UTF-8"?>

<channel name="thunar" version="1.0">
  <property name="last-location-bar" type="empty"/>
  <property name="misc-change-window-icon" type="empty"/>
  <property name="misc-full-path-in-title" type="empty"/>
  <property name="misc-middle-click-in-tab" type="empty"/>
  <property name="misc-volume-management" type="empty"/>
  <property name="shortcuts-icon-size" type="empty"/>
  <property name="last-view" type="string" value="ThunarIconView"/>
  <property name="last-icon-view-zoom-level" type="string" value="THUNAR_ZOOM_LEVEL_100_PERCENT"/>
  <property name="last-show-hidden" type="bool" value="true"/>
  <property name="last-window-maximized" type="bool" value="true"/>
  <property name="last-separator-position" type="int" value="170"/>
</channel>
